Word,Frequency
the,27
you,27
to,27
and,27
a,27
of,27
i,27
is,27
in,27
for,27
s,27
it,27
your,27
thi,27
on,27
with,27
we,27
be,27
are,27
t,27
all,27
that,27
amp,27
have,27
what,27
our,27
can,27
at,27
by,27
do,27
out,27
from,27
get,27
now,27
how,27
will,27
if,27
make,27
us,27
new,27
today,27
up,27
here,27
as,27
or,27
an,27
look,27
m,27
need,27
about,27
my,26
day,26
like,26
so,26
one,26
but,26
more,26
when,26
ha,26
use,26
time,26
me,25
who,25
just,25
don,25
free,25
re,25
not,25
there,25
work,25
good,24
they,24
check,24
no,24
come,24
see,24
take,24
some,24
help,24
year,24
follow,23
go,23
via,23
great,23
these,23
first,23
want,23
best,23
way,22
know,22
wa,22
their,22
live,21
busi,21
week,21
over,21
share,20
peopl,20
onli,20
open,20
love,19
learn,19
start,19
design,19
most,19
been,19
news,19
join,19
let,18
find,18
think,18
link,18
world,18
read,17
than,17
march,17
d,17
video,17
into,17
hi,16
say,16
onlin,16
product,16
top,16
th,16
life,15
covid,15
thing,15
back,15
call,15
post,15
home,15
whi,15
mani,15
team,15
servic,15
gt,14
support,14
happi,14
watch,14
other,14
health,14
part,14
job,14
women,13
chang,13
latest,13
thank,13
give,13
pleas,13
research,13
which,13
develop,13
had,12
would,12
did,12
power,12
sale,12
digit,12
ani,12
market,12
compani,12
visit,12
next,12
project,12
her,11
click,11
he,11
them,11
avail,11
pandem,11
provid,11
tech,11
book,11
after,11
could,11
data,11
shop,10
show,10
art,10
right,10
set,10
plan,10
should,10
talk,10
everi,10
experi,10
report,10
student,10
pay,10
build,10
class,10
manag,10
offer,10
hire,10
engin,10
system,10
feel,9
natur,9
am,9
stori,9
well,9
off,9
made,9
last,9
commun,9
discuss,9
where,9
technolog,9
creat,9
qualiti,9
industri,9
histori,9
money,8
beauti,8
through,8
spring,8
still,8
uk,8
account,8
import,8
due,8
podcast,8
high,8
custom,8
amaz,8
better,8
u,8
ever,8
school,8
got,8
studi,8
w,8
photo,8
essay,8
assign,8
nurs,8
innov,8
improv,8
offic,8
scienc,8
c,8
travel,7
inspir,7
alway,7
style,7
artist,7
may,7
st,7
black,7
websit,7
famili,7
friend,7
tri,7
food,7
vaccin,7
india,7
nation,7
order,7
biolog,7
paper,7
math,7
tip,7
lead,7
ai,7
contact,7
opportun,7
futur,7
train,7
expert,7
write,7
program,7
educ,7
secur,7
interest,7
full,7
fashion,6
photographi,6
instagram,6
fit,6
care,6
veri,6
small,6
human,6
miss,6
light,6
test,6
ve,6
state,6
countri,6
again,6
also,6
organ,6
price,6
x,6
dm,6
success,6
calculu,6
law,6
profession,6
grow,6
solut,6
media,6
app,6
cours,6
local,6
homework,6
leader,6
econom,6
readi,6
machin,6
citi,6
view,6
detail,6
network,6
complet,6
inform,6
gener,6
even,5
kid,5
motiv,5
tuesday,5
never,5
gift,5
cute,5
were,5
usa,5
doe,5
million,5
big,5
social,5
trend,5
brand,5
ad,5
logo,5
hope,5
morn,5
keep,5
enjoy,5
anim,5
month,5
two,5
pm,5
shirt,5
white,5
buy,5
startup,5
statist,5
algebra,5
financ,5
growth,5
platform,5
blog,5
china,5
fun,5
base,5
becom,5
physic,5
place,5
announc,5
global,5
healthcar,5
code,5
career,5
excit,5
polit,5
hous,5
bill,5
american,5
must,5
result,5
appli,5
regist,5
hr,5
music,4
store,4
cloth,4
girl,4
posit,4
twitter,4
littl,4
she,4
stay,4
cat,4
someon,4
ll,4
move,4
listen,4
case,4
govern,4
control,4
biden,4
while,4
effect,4
dr,4
continu,4
against,4
rate,4
print,4
color,4
london,4
etsi,4
red,4
california,4
invest,4
leadership,4
strategi,4
hit,4
psycholog,4
tool,4
kindli,4
grade,4
javascript,4
locat,4
robot,4
virtual,4
game,4
comput,4
lab,4
night,4
intern,4
event,4
univers,4
medic,4
water,4
plant,4
process,4
featur,4
english,4
excel,4
assist,4
colleg,4
done,4
energi,4
increas,4
role,4
articl,4
realli,4
paint,4
draw,4
healthi,4
consult,4
site,4
group,4
run,4
creativ,4
amazon,3
tell,3
long,3
ap,3
much,3
song,3
dog,3
becaus,3
person,3
youtub,3
affiliatemarket,3
photooftheday,3
flower,3
funni,3
dure,3
mask,3
bank,3
updat,3
impact,3
hospit,3
risk,3
patient,3
stop,3
includ,3
differ,3
down,3
wait,3
play,3
men,3
short,3
model,3
ship,3
sport,3
luxuri,3
blue,3
leg,3
f,3
babi,3
panic,3
pocket,3
bio,3
uniqu,3
illustr,3
entrepreneur,3
literatur,3
own,3
googl,3
ceo,3
client,3
afford,3
employe,3
explor,3
facebook,3
step,3
launch,3
blockchain,3
sell,3
meet,3
list,3
seri,3
park,3
landscap,3
soon,3
river,3
head,3
softwar,3
transform,3
mobil,3
applic,3
partner,3
r,3
oper,3
electr,3
key,3
space,3
reflect,3
coursework,3
python,3
cell,3
lesson,3
fact,3
trump,3
parti,3
dissert,3
gop,3
presid,3
sociolog,3
vote,3
elect,3
handl,3
hmu,3
exam,3
said,3
nigeria,3
campaign,3
chemistri,3
end,3
minist,3
deliv,3
practic,3
treat,3
essaypay,3
charg,3
onlineclass,3
hello,3
score,3
philosophi,3
final,3
origin,3
technician,3
anyon,3
might,3
deliveri,3
hear,3
webinar,3
portrait,3
everyth,3
old,3
awesom,3
too,3
eye,3
manufactur,3
e,3
within,3
k,3
review,3
tweet,3
daili,3
stream,3
spot,3
green,3
senior,3
nowhir,3
integr,3
field,3
construct,3
bring,3
diet,3
nutrit,3
monday,3
hard,3
lifestyl,3
befor,3
those,2
quot,2
heart,2
peac,2
thought,2
yourself,2
everyon,2
believ,2
word,2
togeth,2
perfect,2
celebr,2
coronaviru,2
face,2
america,2
eu,2
dose,2
relief,2
receiv,2
covidvaccin,2
public,2
question,2
safeti,2
protect,2
safe,2
ago,2
blood,2
second,2
same,2
dress,2
sleev,2
wear,2
collect,2
pari,2
pant,2
vintag,2
mark,2
summer,2
grammi,2
pc,2
l,2
abstractart,2
sneaker,2
newyork,2
ecommerc,2
interiordesign,2
homedecor,2
hand,2
phone,2
economi,2
trade,2
seo,2
bitcoin,2
digitalmarket,2
financi,2
affili,2
socialmedia,2
cannabi,2
promot,2
discov,2
hotel,2
tour,2
deal,2
save,2
guid,2
japan,2
road,2
dream,2
sea,2
cancel,2
sun,2
museum,2
sunset,2
iot,2
cloud,2
smart,2
g,2
fintech,2
rais,2
web,2
autom,2
advanc,2
sofiaitc,2
devic,2
tomorrow,2
drive,2
artificialintellig,2
remot,2
insight,2
scientist,2
stat,2
stem,2
astronomi,2
climat,2
scientif,2
mar,2
cuomo,2
maga,2
democrat,2
republican,2
senat,2
resum,2
polic,2
conserv,2
governor,2
gpa,2
corrupt,2
lawmak,2
issu,2
investig,2
rep,2
former,2
reach,2
medicin,2
clinic,2
suppli,2
essayhelp,2
essaydu,2
writer,2
chem,2
academ,2
hw,2
legit,2
reliabl,2
tackl,2
geometri,2
powerpoint,2
paysomeon,2
ace,2
microbiolog,2
geographi,2
tutor,2
whatsapp,2
pa,2
guarante,2
thesi,2
friendli,2
assur,2
fee,2
pi,2
casestudi,2
ensur,2
cla,2
subject,2
econometr,2
pend,2
midterm,2
favorit,2
present,2
propos,2
content,2
recommend,2
ca,2
special,2
oh,2
retail,2
proud,2
pet,2
cutecat,2
puppi,2
catlov,2
mammal,2
canin,2
bulldog,2
catsoftwitt,2
toy,2
taich,2
ador,2
n,2
catsontwitt,2
feed,2
tag,2
lie,2
georgia,2
imag,2
healthylifestyl,2
healthyfood,2
equip,2
o,2
rn,2
hour,2
real,2
search,2
teacher,2
challeng,2
agenc,2
cool,2
easi,2
man,2
break,2
recruit,2
specialist,2
analyst,2
contract,2
technic,2
relat,2
mainten,2
mechan,2
level,2
architect,2
tax,2
entertain,2
sustain,2
fund,2
award,2
matter,2
europ,2
foodi,2
land,2
gym,2
workout,2
fitnessmotiv,2
fitgirl,2
exercis,2
bodybuild,2
muscl,2
yoga,2
weight,2
gymlif,2
bodi,2
wolbar,2
cardio,2
goal,2
weightlift,2
yesx,2
yx,2
fat,2
lift,2
push,2
bicep,2
fitfam,2
squat,2
supplement,2
protein,2
activ,2
focu,2
arm,2
strength,2
crossfit,2
gain,2
applewatch,2
weightloss,2
chest,2
shoulder,2
minut,2
lb,2
personaltrain,2
domain,2
allow,2
feder,2
ask,2
court,2
protest,2
offici,2
eat,2
kitchen,2
farm,2
fish,2
environ,2
built,2
structur,2
architectur,2
win,2
commiss,2
histor,2
artwork,2
digitalart,2
sketch,2
studio,2
finish,2
furri,2
anoth,2
wall,2
decor,2
card,2
outdoor,2
god,1
jesu,1
bless,1
relationship,1
kind,1
joy,1
smile,1
instagood,1
faith,1
self,1
bibl,1
wish,1
him,1
date,1
quoteoftheday,1
romanc,1
meme,1
horoscop,1
heal,1
true,1
death,1
astrazeneca,1
lockdown,1
sinc,1
nh,1
given,1
number,1
psa,1
children,1
holder,1
variant,1
respons,1
across,1
shot,1
moderna,1
rise,1
clot,1
corona,1
spread,1
caus,1
appoint,1
jab,1
item,1
poshmark,1
shopmycloset,1
kidsfashion,1
cottoncastl,1
babycloth,1
shoe,1
ear,1
jewelri,1
size,1
handmad,1
calvin,1
silver,1
klein,1
necklac,1
desigu,1
sleeveless,1
gold,1
neck,1
skirt,1
bag,1
ring,1
bracelet,1
tommi,1
hoodi,1
leather,1
trendi,1
outfit,1
hilfig,1
ootd,1
bra,1
badgley,1
tshirt,1
mensfashion,1
jacket,1
cotton,1
lace,1
onlineshop,1
pearl,1
womensfashion,1
tee,1
pink,1
mischka,1
crop,1
wed,1
abstractpaint,1
id,1
casual,1
alex,1
apparel,1
accessori,1
shopifi,1
sare,1
heel,1
attitud,1
sweater,1
mm,1
fashionstyl,1
knit,1
midi,1
ladi,1
ebay,1
denim,1
instadaili,1
suit,1
drop,1
fashiontrend,1
trendingnow,1
insta,1
gown,1
wsj,1
nytim,1
stock,1
reuter,1
earn,1
revenu,1
vacat,1
holiday,1
trip,1
cruis,1
tourism,1
beach,1
ttot,1
adventur,1
island,1
lookatourworld,1
flight,1
travelblog,1
traveltuesday,1
resort,1
airport,1
destin,1
hawaii,1
travelblogg,1
airfar,1
egypt,1
itself,1
airlin,1
bangalor,1
chicago,1
happ,1
air,1
ireland,1
tourist,1
roundtrip,1
subscrib,1
lake,1
travelphotographi,1
mountain,1
franc,1
memori,1
ride,1
cheap,1
around,1
camp,1
compar,1
ancient,1
sail,1
boat,1
florida,1
cybersecur,1
appl,1
newsflash,1
technew,1
infosec,1
coruz,1
user,1
hacker,1
microsoft,1
intellig,1
internet,1
privaci,1
bot,1
nasa,1
brain,1
earth,1
discoveri,1
found,1
towardsdatascienc,1
neurosci,1
deep,1
moon,1
explain,1
nyt,1
author,1
between,1
leftw,1
liber,1
border,1
leftist,1
femin,1
journal,1
crisi,1
resign,1
rightw,1
polici,1
newsclick,1
macroeconom,1
syria,1
nigerianew,1
attack,1
un,1
bbcnew,1
dem,1
amid,1
yemen,1
myanmar,1
alleg,1
migrant,1
capitol,1
writ,1
texa,1
coup,1
donaldtrump,1
region,1
bangladesh,1
worldnew,1
boundari,1
militari,1
left,1
politician,1
empireofshadow,1
pilot,1
tvseri,1
indi,1
barrier,1
quiz,1
einstein,1
mathemat,1
quantum,1
albert,1
birthday,1
physicist,1
alberteinstein,1
econ,1
maximum,1
verifi,1
compet,1
profici,1
stud,1
theori,1
born,1
v,1
glad,1
probabl,1
task,1
arxiv,1
af,1
esssi,1
paywrit,1
rel,1
aict,1
quizz,1
particl,1
expertis,1
du,1
paperpay,1
apsmarch,1
understand,1
worri,1
pharmaci,1
pharmtech,1
cvspharmtech,1
pharmacist,1
cv,1
drug,1
chemist,1
pharma,1
prescript,1
pharmaceut,1
target,1
va,1
fl,1
member,1
beurer,1
sit,1
tx,1
expand,1
ma,1
pbm,1
registr,1
benefit,1
inclus,1
nc,1
resourc,1
sc,1
ny,1
topic,1
reduc,1
kitten,1
kitti,1
meow,1
moe,1
cutekitten,1
iphon,1
dogsofinstagram,1
hound,1
catsofinstagram,1
doglov,1
vet,1
bed,1
blep,1
terrier,1
loaf,1
petsuppli,1
owner,1
hamster,1
collar,1
pug,1
catstagram,1
soft,1
tiktok,1
sleep,1
heath,1
pup,1
petsofinstagram,1
warm,1
choos,1
sleepi,1
petstagram,1
lover,1
rabbit,1
adopt,1
petlov,1
cutepetclub,1
americanbulldog,1
beagl,1
puppylov,1
teefi,1
sure,1
bowl,1
paw,1
apocalyps,1
winter,1
nuggiecat,1
groom,1
worldwid,1
doctor,1
simpl,1
agent,1
plain,1
atlanta,1
defend,1
conspiraci,1
emori,1
groupzirigoza,1
sar,1
cov,1
dental,1
surgeri,1
thriller,1
treatment,1
glove,1
neet,1
biographi,1
institut,1
diseas,1
marijuana,1
pain,1
advertis,1
email,1
contentmarket,1
bb,1
page,1
analyt,1
engag,1
commerc,1
audienc,1
estat,1
traffic,1
mall,1
influenc,1
messag,1
smallbusi,1
mamamoo,1
solar,1
reput,1
moonbyul,1
wheein,1
hwasa,1
adrenalin,1
moomoo,1
spotifi,1
yt,1
moo,1
wind,1
panel,1
gw,1
instal,1
leggo,1
moonsun,1
record,1
forget,1
renew,1
cover,1
grid,1
wow,1
button,1
geniu,1
rich,1
dont,1
omg,1
renewableenergi,1
bday,1
mama,1
miracl,1
kp,1
km,1
bz,1
nt,1
util,1
queen,1
sf,1
z,1
effici,1
gosolar,1
solarpv,1
gb,1
meteo,1
hoesdorf,1
weather,1
overcast,1
temp,1
windchil,1
maxtemp,1
solarnew,1
solartech,1
ost,1
mw,1
ye,1
capac,1
solaradrenalineost,1
whoever,1
below,1
rooftop,1
hybrid,1
pv,1
sing,1
wanna,1
channel,1
dingga,1
boost,1
multipl,1
add,1
batteri,1
salari,1
kpa,1
ph,1
remotework,1
workathom,1
digitalnomad,1
remotejob,1
pd,1
associ,1
driver,1
director,1
vacanc,1
worker,1
administr,1
spherion,1
warehous,1
execut,1
jobsearch,1
jersey,1
inc,1
gbpkpa,1
shift,1
servicenow,1
manchest,1
coordin,1
alert,1
sap,1
advisor,1
jobvit,1
itjob,1
staffingmatch,1
catal,1
logisticsjob,1
ontario,1
jobopen,1
sr,1
repres,1
front,1
healthjob,1
west,1
per,1
supervisor,1
info,1
triangletuesday,1
bristol,1
educationjob,1
dublin,1
com,1
kellyservic,1
south,1
stack,1
corpor,1
seek,1
meter,1
reader,1
cip,1
junior,1
clerk,1
staff,1
employ,1
interview,1
experienc,1
leed,1
automationpersonnelservic,1
assembl,1
net,1
butcher,1
north,1
edit,1
sugarbox,1
wherethenetwork,1
sugarboxnetwork,1
ott,1
idea,1
collabor,1
disrupt,1
machinelearn,1
approach,1
acceler,1
insur,1
ml,1
forward,1
gymmotiv,1
footbal,1
taught,1
lawenforc,1
box,1
sweat,1
athlet,1
hiit,1
jordan,1
treadmil,1
botan,1
sportswear,1
commerci,1
coach,1
trainer,1
legday,1
teamast,1
friday,1
tfam,1
then,1
waist,1
avocado,1
burn,1
boov,1
lago,1
govt,1
feedli,1
billion,1
oyo,1
problem,1
under,1
delta,1
privat,1
ban,1
ekiti,1
forc,1
scheme,1
recip,1
cook,1
delici,1
chicken,1
postcard,1
dinner,1
lunch,1
restaur,1
cake,1
bake,1
meal,1
breakfast,1
pizza,1
drink,1
salad,1
chef,1
homemad,1
bread,1
fri,1
soup,1
fresh,1
eddm,1
chees,1
postcarddesign,1
chocol,1
flyer,1
banner,1
rice,1
vegan,1
burger,1
yummi,1
tast,1
beef,1
realstat,1
tasti,1
sweet,1
taco,1
meat,1
sandwich,1
coffe,1
snack,1
wine,1
egg,1
fruit,1
dish,1
cooki,1
potato,1
dessert,1
serv,1
sauc,1
tomato,1
tonight,1
hot,1
pasta,1
veget,1
agricultur,1
oldfashionedrecip,1
foodblog,1
foodlov,1
pie,1
groceri,1
dine,1
flavor,1
thermo,1
fisher,1
valv,1
introduct,1
optim,1
unit,1
voosh,1
loader,1
mfg,1
sme,1
co,1
aerospac,1
electron,1
p,1
civil,1
turn,1
current,1
spain,1
candid,1
fraud,1
bjp,1
pragmat,1
ubi,1
poll,1
poverti,1
recycl,1
voter,1
unemploy,1
congress,1
presidenti,1
ballot,1
seat,1
rule,1
dutch,1
won,1
democraci,1
counti,1
israel,1
iran,1
hold,1
committe,1
mayor,1
steal,1
donald,1
council,1
cycl,1
nomin,1
bengal,1
canada,1
claim,1
board,1
happen,1
major,1
assam,1
b,1
repeat,1
russia,1
contest,1
ahead,1
chief,1
didn,1
netherland,1
cultur,1
societi,1
radio,1
hey,1
ft,1
feat,1
divers,1
tradit,1
notifymagazin,1
perform,1
pop,1
workplac,1
isn,1
timelin,1
gossip,1
album,1
valu,1
mahaw,1
bog,1
johnson,1
remix,1
avoid,1
ab,1
discount,1
extens,1
promo,1
overstock,1
flash,1
fanpag,1
cal,1
powerlift,1
unlock,1
hidden,1
teddi,1
strong,1
pose,1
pro,1
npc,1
progress,1
femalebodybuild,1
lalupa,1
physiqu,1
kg,1
bar,1
competit,1
pump,1
min,1
fitnessmodel,1
ectomorphnew,1
bodyposit,1
steroid,1
lose,1
loss,1
dumbbel,1
eco,1
hypertrophi,1
deadlift,1
cl,1
flex,1
walkday,1
tricep,1
classic,1
sweatshirt,1
labreport,1
plagiar,1
mathlab,1
analysi,1
late,1
fall,1
biochemistri,1
computersci,1
evolut,1
semest,1
fair,1
rethink,1
payexam,1
physiolog,1
adept,1
researchpap,1
scholar,1
anatomi,1
culculu,1
myessay,1
area,1
deadlin,1
homeworkslav,1
schoolwork,1
urgent,1
fallclass,1
cellular,1
entiti,1
fallsemest,1
type,1
overwhelm,1
instant,1
shark,1
essaywrit,1
term,1
termpap,1
anal,1
hallo,1
nft,1
artistontwitt,1
oc,1
acryl,1
piec,1
fanart,1
abstract,1
charact,1
doodl,1
cryptoart,1
comic,1
procreat,1
grey,1
cross,1
nftart,1
canva,1
nftcollector,1
contemporaryart,1
oil,1
galleri,1
name,1
pictur,1
nftartist,1
titl,1
someth,1
originalcharact,1
twitch,1
ink,1
surreal,1
digitalartist,1
wip,1
guy,1
craft,1
watercolor,1
jazz,1
myart,1
sketchbook,1
past,1
artistsontwitt,1
boy,1
lt,1
interior,1
modern,1
exterior,1
floor,1
church,1
resid,1
street,1
realest,1
insid,1
tower,1
firm,1
window,1
commercialbuild,1
renov,1
render,1
door,1
room,1
glass,1
itali,1
apart,1
bridg,1
plu,1
wood,1
publish,1
furnitur,1
visual,1
arch,1
concret,1
stun,1
urban,1
castl,1
town,1
architecturedesign,1
roof,1
rank,1
homedesign,1
facad,1
bird,1
sticker,1
animallov,1
wildlif,1
eleph,1
decal,1
naturecut,1
vinyldec,1
vinylstick,1
cardec,1
photograph,1
zoo,1
doubl,1
insect,1
wallpap,1
fli,1
fox,1
invertebr,1
bee,1
hors,1
squirrel,1
macro,1
tiger,1
taken,1
bear,1
owl,1
sheep,1
wild,1
tree,1
addit,1
duck,1
sky,1
garden,1
deer,1
lion,1
hunt,1
wolf,1
butterfli,1
beak,1
cow,1
camera,1
speci,1
walk,1
turtl,1
hunter,1
close,1
desert,1
monkey,1
rescu,1
honeybe,1
