,Word,Frequency
0,to,4
1,the,4
2,a,4
3,your,4
4,for,4
5,and,4
6,you,4
7,in,4
8,of,4
9,busi,4
10,is,4
11,on,4
12,how,4
13,s,4
14,with,4
15,it,4
16,we,4
17,are,4
18,our,4
19,do,4
20,that,4
21,thi,4
22,help,4
23,can,4
24,get,4
25,at,4
26,out,4
27,be,4
28,more,4
29,new,4
30,what,4
31,from,4
32,about,4
33,have,4
34,i,4
35,t,4
36,here,4
37,amp,4
38,need,4
39,by,4
40,make,4
41,or,4
42,best,4
43,will,4
44,an,4
45,my,4
46,all,4
47,work,4
48,as,4
49,us,4
50,if,4
51,free,4
52,learn,4
53,re,4
54,team,4
55,look,4
56,now,4
57,one,4
58,job,4
59,time,4
60,compani,4
61,want,4
62,lead,4
63,today,4
64,day,4
65,ha,4
66,join,4
67,great,4
68,up,4
69,link,4
70,m,4
71,year,4
72,develop,4
73,market,3
74,via,3
75,digit,3
76,use,3
77,sale,3
78,custom,3
79,way,3
80,servic,3
81,check,3
82,success,3
83,product,3
84,not,3
85,know,3
86,whi,3
87,start,3
88,when,3
89,design,3
90,but,3
91,manag,3
92,read,3
93,like,3
94,take,3
95,data,3
96,there,3
97,these,3
98,don,3
99,their,3
100,peopl,3
101,find,3
102,so,3
103,just,3
104,network,3
105,they,3
106,research,3
107,me,3
108,share,3
109,see,3
110,commun,3
111,click,3
112,grow,3
113,go,3
114,some,3
115,post,3
116,no,3
117,gener,3
118,into,3
119,world,3
120,first,3
121,come,3
122,experi,3
123,than,3
124,over,3
125,power,3
126,d,3
127,news,3
128,technolog,3
129,good,3
130,back,3
131,them,3
132,who,3
133,growth,3
134,tech,3
135,love,3
136,project,3
137,system,3
138,brand,2
139,onlin,2
140,strategi,2
141,social,2
142,media,2
143,nurs,2
144,class,2
145,facebook,2
146,creat,2
147,most,2
148,build,2
149,hire,2
150,chang,2
151,startup,2
152,should,2
153,ad,2
154,entrepreneur,2
155,small,2
156,plan,2
157,latest,2
158,site,2
159,real,2
160,top,2
161,trend,2
162,articl,2
163,improv,2
164,platform,2
165,account,2
166,pandem,2
167,financ,2
168,increas,2
169,import,2
170,gt,2
171,better,2
172,visit,2
173,client,2
174,leadership,2
175,money,2
176,ai,2
177,live,2
178,think,2
179,must,2
180,talk,2
181,through,2
182,thing,2
183,let,2
184,give,2
185,search,2
186,profession,2
187,covid,2
188,onli,2
189,consult,2
190,energi,2
191,industri,2
192,thank,2
193,home,2
194,wa,2
195,pleas,2
196,hr,2
197,watch,2
198,provid,2
199,could,2
200,excit,2
201,teacher,2
202,k,2
203,which,2
204,say,2
205,set,2
206,month,2
207,w,2
208,amaz,2
209,role,2
210,challeng,2
211,engin,2
212,support,2
213,opportun,2
214,open,2
215,part,2
216,solut,2
217,secur,2
218,intern,2
219,health,2
220,c,2
221,group,2
222,interest,2
223,machin,2
224,inform,2
225,leader,2
226,global,2
227,next,2
228,regist,2
229,uk,2
230,essay,1
231,websit,1
232,seo,1
233,paper,1
234,due,1
235,socialmedia,1
236,content,1
237,digitalmarket,1
238,assign,1
239,statist,1
240,tip,1
241,math,1
242,write,1
243,video,1
244,advertis,1
245,dm,1
246,algebra,1
247,email,1
248,tool,1
249,english,1
250,pay,1
251,shop,1
252,biolog,1
253,contentmarket,1
254,blog,1
255,calculu,1
256,affili,1
257,bb,1
258,googl,1
259,law,1
260,sell,1
261,game,1
262,page,1
263,homework,1
264,follow,1
265,podcast,1
266,campaign,1
267,agenc,1
268,step,1
269,guid,1
270,tuesday,1
271,e,1
272,twitter,1
273,affiliatemarket,1
274,analyt,1
275,effect,1
276,engag,1
277,instagram,1
278,web,1
279,commerc,1
280,essaypay,1
281,ani,1
282,someon,1
283,right,1
284,ecommerc,1
285,case,1
286,studi,1
287,audienc,1
288,expert,1
289,result,1
290,cours,1
291,promot,1
292,insight,1
293,estat,1
294,traffic,1
295,mall,1
296,influenc,1
297,other,1
298,show,1
299,motiv,1
300,logo,1
301,review,1
302,messag,1
303,smallbusi,1
304,ve,1
305,everyth,1
306,kindli,1
307,stori,1
308,mamamoo,1
309,solar,1
310,tweet,1
311,daili,1
312,reput,1
313,moonbyul,1
314,wheein,1
315,hwasa,1
316,stream,1
317,adrenalin,1
318,moomoo,1
319,spotifi,1
320,yt,1
321,moo,1
322,wind,1
323,panel,1
324,cool,1
325,gw,1
326,instal,1
327,u,1
328,leggo,1
329,school,1
330,moonsun,1
331,record,1
332,forget,1
333,renew,1
334,save,1
335,cover,1
336,grid,1
337,wow,1
338,button,1
339,made,1
340,geniu,1
341,rich,1
342,dont,1
343,everi,1
344,vote,1
345,omg,1
346,light,1
347,song,1
348,renewableenergi,1
349,ago,1
350,bday,1
351,gift,1
352,her,1
353,mama,1
354,miracl,1
355,ap,1
356,kp,1
357,spot,1
358,km,1
359,bz,1
360,nt,1
361,oh,1
362,util,1
363,queen,1
364,sf,1
365,mar,1
366,z,1
367,night,1
368,easi,1
369,effici,1
370,gosolar,1
371,listen,1
372,electr,1
373,solarpv,1
374,again,1
375,am,1
376,well,1
377,gb,1
378,meteo,1
379,hoesdorf,1
380,weather,1
381,overcast,1
382,temp,1
383,windchil,1
384,maxtemp,1
385,man,1
386,solarnew,1
387,solartech,1
388,ost,1
389,report,1
390,mw,1
391,believ,1
392,ye,1
393,last,1
394,capac,1
395,program,1
396,climat,1
397,solaradrenalineost,1
398,whoever,1
399,below,1
400,green,1
401,california,1
402,rooftop,1
403,realli,1
404,run,1
405,hybrid,1
406,second,1
407,tri,1
408,ll,1
409,girl,1
410,pv,1
411,smart,1
412,sing,1
413,high,1
414,sun,1
415,too,1
416,million,1
417,view,1
418,got,1
419,bill,1
420,miss,1
421,wanna,1
422,channel,1
423,break,1
424,dingga,1
425,hello,1
426,boost,1
427,did,1
428,propos,1
429,multipl,1
430,add,1
431,doe,1
432,word,1
433,batteri,1
434,locat,1
435,salari,1
436,kpa,1
437,ph,1
438,appli,1
439,remot,1
440,senior,1
441,remotework,1
442,workathom,1
443,digitalnomad,1
444,london,1
445,assist,1
446,oper,1
447,recruit,1
448,hour,1
449,career,1
450,remotejob,1
451,pd,1
452,specialist,1
453,associ,1
454,softwar,1
455,pa,1
456,driver,1
457,full,1
458,director,1
459,analyst,1
460,vacanc,1
461,offic,1
462,worker,1
463,administr,1
464,spherion,1
465,technician,1
466,warehous,1
467,execut,1
468,contract,1
469,jobsearch,1
470,posit,1
471,care,1
472,jersey,1
473,inc,1
474,citi,1
475,nowhir,1
476,gbpkpa,1
477,shift,1
478,base,1
479,f,1
480,servicenow,1
481,technic,1
482,manchest,1
483,coordin,1
484,alert,1
485,sap,1
486,advisor,1
487,detail,1
488,jobvit,1
489,friend,1
490,itjob,1
491,resum,1
492,staffingmatch,1
493,retail,1
494,catal,1
495,end,1
496,relat,1
497,logisticsjob,1
498,ontario,1
499,applic,1
500,jobopen,1
501,sr,1
502,repres,1
503,train,1
504,front,1
505,healthjob,1
506,west,1
507,per,1
508,integr,1
509,supervisor,1
510,info,1
511,triangletuesday,1
512,bristol,1
513,educationjob,1
514,mainten,1
515,dublin,1
516,control,1
517,qualiti,1
518,head,1
519,mechan,1
520,level,1
521,com,1
522,kellyservic,1
523,where,1
524,architect,1
525,mobil,1
526,south,1
527,stack,1
528,corpor,1
529,seek,1
530,meter,1
531,reader,1
532,cip,1
533,tax,1
534,st,1
535,financi,1
536,junior,1
537,clerk,1
538,staff,1
539,employ,1
540,interview,1
541,field,1
542,experienc,1
543,leed,1
544,student,1
545,automationpersonnelservic,1
546,assembl,1
547,medic,1
548,net,1
549,butcher,1
550,construct,1
551,north,1
552,innov,1
553,edit,1
554,sugarbox,1
555,wherethenetwork,1
556,sugarboxnetwork,1
557,photo,1
558,entertain,1
559,ott,1
560,futur,1
561,scienc,1
562,robot,1
563,sustain,1
564,idea,1
565,march,1
566,sofiaitc,1
567,th,1
568,iot,1
569,transform,1
570,fintech,1
571,bank,1
572,big,1
573,collabor,1
574,event,1
575,virtual,1
576,launch,1
577,g,1
578,partner,1
579,been,1
580,drive,1
581,artificialintellig,1
582,week,1
583,webinar,1
584,announc,1
585,key,1
586,fund,1
587,invest,1
588,lie,1
589,discuss,1
590,cloud,1
591,bring,1
592,disrupt,1
593,continu,1
594,ceo,1
595,meet,1
596,machinelearn,1
597,approach,1
598,becom,1
599,award,1
600,impact,1
601,creativ,1
602,call,1
603,healthcar,1
604,process,1
605,acceler,1
606,app,1
607,featur,1
608,present,1
609,organ,1
610,proud,1
611,mani,1
612,tomorrow,1
613,insur,1
614,inspir,1
615,ml,1
616,blockchain,1
617,forward,1
618,excel,1
619,matter,1
620,hear,1
621,europ,1
622,educ,1
